-- ============================================================
-- AlaTau — Seed данные для маркетплейса
-- ============================================================

-- -----------------------------------------------
-- Демо-пользователи (продавцы)
-- -----------------------------------------------
INSERT INTO users (id, telegram_id, first_name, last_name, username, is_seller, level, level_name) VALUES
  ('00000000-0000-0000-0001-000000000001', 9000001, 'Айгерим', 'Турсын',      'aigerim_guide',   true, 4, 'Горный турист'),
  ('00000000-0000-0000-0001-000000000002', 9000002, 'Нурлан',  'Серкебаев',   'nurlan_guide',    true, 5, 'Покоритель вершин'),
  ('00000000-0000-0000-0001-000000000003', 9000003, 'Дана',    'Оспанова',    'dana_guide',      true, 3, 'Опытный следопыт'),
  ('00000000-0000-0000-0001-000000000004', 9000004, 'Ерлан',   'Жумабаев',    'erlan_guide',     true, 5, 'Покоритель вершин'),
  ('00000000-0000-0000-0001-000000000005', 9000005, 'Mountain','Gear',        'mountain_gear_kz',true, 1, 'Новичок'),
  ('00000000-0000-0000-0001-000000000006', 9000006, 'AlpTrans','fer',         'alp_transfer_kz', true, 1, 'Новичок'),
  ('00000000-0000-0000-0001-000000000007', 9000007, 'Юрта',    'Алатау',      'yurta_alatau',    true, 1, 'Новичок')
ON CONFLICT (telegram_id) DO NOTHING;

-- -----------------------------------------------
-- Профили продавцов
-- -----------------------------------------------
INSERT INTO seller_profiles (id, user_id, seller_type, is_verified, bio, rating, total_reviews) VALUES
  ('00000000-0000-0000-0002-000000000001', '00000000-0000-0000-0001-000000000001', 'guide',     true, 'Сертифицированный горный гид. Специализируюсь на треккинге и экотуризме. Безопасность — прежде всего.', 4.8, 47),
  ('00000000-0000-0000-0002-000000000002', '00000000-0000-0000-0001-000000000002', 'guide',     true, 'Мастер спорта по альпинизму. Более 50 восхождений в Заилийском Алатау и Тянь-Шане.',                    4.9, 83),
  ('00000000-0000-0000-0002-000000000003', '00000000-0000-0000-0001-000000000003', 'guide',     true, 'Эко-гид и натуралист. Проведу тебя самыми живописными тропами Алматинской области.',                   4.7, 31),
  ('00000000-0000-0000-0002-000000000004', '00000000-0000-0000-0001-000000000004', 'guide',     true, 'Инструктор по скальному туризму и ледолазанию. Стаж 10 лет. Говорю на 4 языках.',                      5.0, 112),
  ('00000000-0000-0000-0002-000000000005', '00000000-0000-0000-0001-000000000005', 'equipment', true, 'Профессиональный прокат снаряжения в Алматы. Оборудование ведущих брендов.',                           4.7,  28),
  ('00000000-0000-0000-0002-000000000006', '00000000-0000-0000-0001-000000000006', 'transfer',  true, 'Трансферы по горным маршрутам Алматы и области. Комфортные внедорожники.',                             4.8,  65),
  ('00000000-0000-0000-0002-000000000007', '00000000-0000-0000-0001-000000000007', 'housing',   true, 'Уютные юрты и эко-домики у горных озёр. Казахское гостеприимство.',                                    4.9,  54)
ON CONFLICT DO NOTHING;

-- -----------------------------------------------
-- Гиды
-- -----------------------------------------------
INSERT INTO guides (seller_id, title, description, specialization, languages_json, experience_years, price_per_person, min_group, max_group, duration_hours, avatar_url, rating, review_count, is_active) VALUES

  ('00000000-0000-0000-0002-000000000001',
   'Айгерим Турсын',
   'Треккинг по маршрутам Заилийского Алатау. Включает инструктаж по безопасности, первую помощь и рассказ об истории мест.',
   'Горный туризм',
   '["Казахский", "Русский", "Английский"]',
   5, 15000, 1, 10, 8,
   'https://api.dicebear.com/7.x/avataaars/svg?seed=Aigerim&backgroundColor=b6e3f4',
   4.8, 47, true),

  ('00000000-0000-0000-0002-000000000002',
   'Нурлан Серкебаев',
   'Восхождения на пики Алатау любой сложности. Специализация — маршруты 3А–4Б. Полное снаряжение включено.',
   'Альпинизм',
   '["Казахский", "Русский"]',
   8, 20000, 1, 6, 12,
   'https://api.dicebear.com/7.x/avataaars/svg?seed=Nurlan&backgroundColor=c0aede',
   4.9, 83, true),

  ('00000000-0000-0000-0002-000000000003',
   'Дана Оспанова',
   'Эко-туры по заповедным местам Алматинской области. Фотографирование дикой природы, орнитология.',
   'Экотуризм',
   '["Казахский", "Русский", "Английский"]',
   3, 12000, 1, 8, 6,
   'https://api.dicebear.com/7.x/avataaars/svg?seed=Dana&backgroundColor=ffdfbf',
   4.7, 31, true),

  ('00000000-0000-0000-0002-000000000004',
   'Ерлан Жумабаев',
   'Скальный туризм и ледолазание. Обучение технике страховки. Маршруты в ущельях Тургень и Чарын.',
   'Скальный туризм',
   '["Казахский", "Русский", "Английский", "Немецкий"]',
   10, 25000, 1, 4, 10,
   'https://api.dicebear.com/7.x/avataaars/svg?seed=Erlan&backgroundColor=d1d4f9',
   5.0, 112, true);

-- -----------------------------------------------
-- Снаряжение (прокат)
-- -----------------------------------------------
INSERT INTO equipment (seller_id, name, description, category, price_per_day, quantity_total, quantity_available, images_json, rating, review_count, is_active) VALUES

  ('00000000-0000-0000-0002-000000000005',
   'Треккинговые палки',
   'Лёгкие алюминиевые палки с системой антишок. Регулируемая длина 65–135 см. Пара.',
   'Палки',
   2000, 8, 8,
   '["https://images.unsplash.com/photo-1501555088652-021faa106b9b?w=400&q=80"]',
   4.6, 18, true),

  ('00000000-0000-0000-0002-000000000005',
   'Рюкзак 45L',
   'Профессиональный туристический рюкзак с системой подвески и дождевым чехлом.',
   'Рюкзаки',
   3500, 6, 6,
   '["https://images.unsplash.com/photo-1553062407-98eeb64c6a62?w=400&q=80"]',
   4.8, 24, true),

  ('00000000-0000-0000-0002-000000000005',
   'Палатка 2-местная',
   'Лёгкая трёхсезонная палатка для треккинга. Вес 1.8 кг, установка за 5 минут.',
   'Палатки',
   5000, 4, 4,
   '["https://images.unsplash.com/photo-1504280390367-361c6d9f38f4?w=400&q=80"]',
   4.7, 12, true),

  ('00000000-0000-0000-0002-000000000005',
   'Спальник −10°C',
   'Тёплый пуховый спальник для горных походов. Температура комфорта −10°C.',
   'Спальники',
   3000, 6, 6,
   '["https://images.unsplash.com/photo-1622483767028-3f66f32aef97?w=400&q=80"]',
   4.9, 19, true),

  ('00000000-0000-0000-0002-000000000005',
   'Горные ботинки (р. 36–46)',
   'Водонепроницаемые ботинки с высоким голенищем. Подходят для треккинга и лёгкого альпинизма.',
   'Обувь',
   2500, 10, 10,
   '["https://images.unsplash.com/photo-1542291026-7eec264c27ff?w=400&q=80"]',
   4.7, 22, true),

  ('00000000-0000-0000-0002-000000000005',
   'Каска туристическая',
   'Лёгкая каска для горного треккинга и альпинизма. Регулируемый размер.',
   'Защита',
   1500, 8, 8,
   '["https://images.unsplash.com/photo-1571988840298-3b5301d5109b?w=400&q=80"]',
   4.5, 9, true);

-- -----------------------------------------------
-- Трансферы
-- -----------------------------------------------
INSERT INTO transfers (seller_id, from_location, to_location, price_per_vehicle, vehicle_type, capacity_persons, duration_minutes, rating, review_count, is_active) VALUES

  ('00000000-0000-0000-0002-000000000006',
   'Алматы (центр)',
   'Большое Алматинское озеро',
   8000, 'SUV', 4, 90,
   4.7, 28, true),

  ('00000000-0000-0000-0002-000000000006',
   'Алматы (центр)',
   'Пик Фурманова (нижняя станция)',
   6000, 'Sedan', 4, 60,
   4.8, 41, true),

  ('00000000-0000-0000-0002-000000000006',
   'Алматы (центр)',
   'Ущелье Чарын',
   15000, 'Minibus', 8, 180,
   4.6, 19, true),

  ('00000000-0000-0000-0002-000000000006',
   'Алматы (центр)',
   'Кольсайские озёра',
   18000, 'Minibus', 8, 240,
   4.9, 33, true),

  ('00000000-0000-0000-0002-000000000006',
   'Алматы (центр)',
   'Пик Талгар (базовый лагерь)',
   12000, 'SUV', 4, 120,
   4.7, 15, true);

-- -----------------------------------------------
-- Жильё
-- -----------------------------------------------
INSERT INTO housing (seller_id, title, description, type, location, price_per_night, max_guests, amenities_json, images_json, rating, review_count, is_active) VALUES

  ('00000000-0000-0000-0002-000000000007',
   'Юрта у Большого Алматинского озера',
   'Традиционная казахская юрта с видом на озеро. Завтрак включён. Тёплое отопление.',
   'Юрта',
   'Большое Алматинское озеро',
   8000, 2,
   '["Завтрак", "Отопление", "Постельное бельё"]',
   '["https://images.unsplash.com/photo-1523987355523-c7b5b0dd90a7?w=400&q=80"]',
   4.9, 37, true),

  ('00000000-0000-0000-0002-000000000007',
   'Горный эко-отель «Чарын»',
   'Уютный эко-отель в каньоне Чарын. Номера с панорамными окнами. SPA и бассейн.',
   'Эко-отель',
   'Ущелье Чарын',
   15000, 2,
   '["Завтрак", "Wi-Fi", "SPA", "Бассейн"]',
   '["https://images.unsplash.com/photo-1566073771259-6a8506099945?w=400&q=80"]',
   4.7, 28, true),

  ('00000000-0000-0000-0002-000000000007',
   'Гостевой дом «Фурманова»',
   'Тёплый гостевой дом у подножия пика Фурманова. Домашняя кухня, камин, баня.',
   'Гестхаус',
   'Пик Фурманова',
   6000, 4,
   '["Кухня", "Wi-Fi", "Камин", "Баня"]',
   '["https://images.unsplash.com/photo-1518780664697-55e3ad937233?w=400&q=80"]',
   4.8, 45, true),

  ('00000000-0000-0000-0002-000000000007',
   'Кемпинг «Кольсай»',
   'Оборудованный кемпинг на берегу Кольсайских озёр. Душ, туалет, мангальная зона.',
   'Кемпинг',
   'Кольсайские озёра',
   3000, 6,
   '["Душ", "Туалет", "Мангал", "Wi-Fi"]',
   '["https://images.unsplash.com/photo-1478131143081-80f7f84ca84d?w=400&q=80"]',
   4.5, 21, true),

  ('00000000-0000-0000-0002-000000000007',
   'Глэмпинг «Алатау»',
   'Роскошные шатры с кроватями и всеми удобствами прямо в горах. Идеально для пар.',
   'Глэмпинг',
   'Алматинская область',
   20000, 2,
   '["Завтрак", "Wi-Fi", "Джакузи", "Романтический ужин"]',
   '["https://images.unsplash.com/photo-1504280390367-361c6d9f38f4?w=400&q=80"]',
   4.9, 18, true);
